Groupon Code,Customer Last Name,Deal ID,Redeemed On,Price Paid,Status
GRP-DYK0X65M,Mehta,D101,02/09/2026,£79.00,Redeemed
GRP-OTIRZQAK,Jones,D101,26/08/2026,£79.00,Redeemed
GRP-JX5TD44K,Singh,D102,26/08/2026,£35.00,Redeemed
GRP-TP0LZJJE,Evans,D103,23/08/2026,£45.00,Redeemed
GRP-7W1DAKRM,Patel,D103,27/08/2026,£45.00,Redeemed
GRP-85JSG65K,Taylor,D101,23/08/2026,£79.00,Redeemed
GRP-DEJNOBBU,Brown,D103,18/09/2026,£45.00,Redeemed
GRP-HP6VZ41N,Wilson,D104,27/08/2026,£60.00,Redeemed
GRP-HCWI64CI,Evans,D103,03/09/2026,£45.00,Redeemed
GRP-PVS7HZIO,Evans,D102,23/08/2026,£35.00,Redeemed
,Singh,D102,20/09/2026,£35.00,Redeemed
GRP-EL6246HI,Evans,D101,30/08/2026,£79.00,Redeemed
GRP-QE7CKW5N,Khan,D103,18/09/2026,£45.00,Redeemed
GRP-9GKDLKQZ,Taylor,D101,26/08/2026,£79.00,Redeemed
GRP-VA2IEUC1,Mehta,D104,26/08/2026,£60.00,Redeemed
GRP-FJFC2V37,Shah,D102,22/08/2026,£35.00,Redeemed
GRP-FD0TVBDI,Clarke,D101,10/08/2026,£79.00,Redeemed
GRP-85JSG65K,Taylor,D101,23/08/2026,£79.00,Redeemed
GRP-JNWNYQW7,Brown,D101,15/09/2026,£79.00,Redeemed
GRP-W2ZLAOI4,Desai,D104,19/08/2026,£60.00,Redeemed
GRP-ZM764JWT,Smith,D102,27/08/2026,£35.00,Redeemed
GRP-F8E8LD4D,Singh,D104,28/08/2026,£9.99,Redeemed
GRP-EZDUXLEZ,Mehta,D103,14/09/2026,£45.00,Redeemed
GRP-UGW6M7B5,Mehta,D101,08/08/2026,£79.00,Redeemed
GRP-QX6GVWRD,Patel,D103,15/09/2026,£45.00,Redeemed
GRP-7U6N7HV3,Khan,D101,08/08/2026,£79.00,Redeemed
GRP-ZORQQFGV,Hall,D102,28/08/2026,£35.00,Redeemed
GRP-F7VP1IEI,Patel,D101,29/08/2026,£79.00,Redeemed
GRP-8HQMABSI,Smith,D104,08/09/2026,£60.00,Redeemed
GRP-HMBR5XQT,Walker,D103,18/09/2026,£45.00,Redeemed
GRP-BT3G2QZW,Clarke,D101,28/08/2026,£79.00,Redeemed
GRP-LGB0S0R2,Singh,D101,14/09/2026,£79.00,Redeemed
GRP-CIDKWNNH,Jones,D101,17/09/2026,£79.00,Redeemed
GRP-54I3QK2I,Singh,D103,14/09/2026,£45.00,Redeemed
GRP-5LLO3RBX,Jones,D101,15/09/2026,£79.00,Redeemed
GRP-JJA26YFP,Smith,D104,27/08/2026,£60.00,Redeemed
GRP-RWK8R2YK,Taylor,D102,12/09/2026,£35.00,Redeemed
GRP-OHSMDYVS,Taylor,D104,18/08/2026,£60.00,Redeemed
GRP-NZ1UDBFW,Taylor,D102,18/08/2026,£35.00,Redeemed
GRP-VNB4GH2M,Jones,D103,17/09/2026,£45.00,Redeemed
GRP-2TALA753,Singh,D102,14/08/2026,£35.00,Redeemed
GRP-X5T5P5O3,Singh,D104,06/09/2026,£60.00,Redeemed
GRP-1N13JCAT,Jones,D104,23/08/2026,£60.00,Redeemed
GRP-51FPKH1D,Desai,D104,23/08/2026,£60.00,Redeemed
GRP-WBFUK9E1,Taylor,D101,05/09/2026,£79.00,Redeemed
GRP-EKIPU1WY,Brown,D102,29/08/2026,£35.00,Redeemed
GRP-TOGN1W1H,Walker,D104,31/02/2026,£60.00,Redeemed
GRP-11YEDWB2,Jones,D102,08/09/2026,£35.00,Redeemed
 grp-vpuc8d1w ,Hall,D104,06/09/2026,£60.00,Redeemed
GRP-TPV60VAI,Taylor,D103,19/09/2026,£45.00,Redeemed
GRP-2BC2NNUV,Smith,D102,12/09/2026,£35.00,Redeemed
GRP-AQVKIZZQ,Smith,D102,26/08/2026,£35.00,Redeemed
GRP-ZIM6CFNF,Jones,D104,12/08/2026,£60.00,Redeemed
GRP-W2ZLAOI4,Desai,D104,19/08/2026,£60.00,Redeemed
GRP-TOXIE0RN,Singh,D103,07/08/2026,£45.00,Redeemed
 grp-8yrddp0n ,Brown,D103,09/09/2026,£45.00,Redeemed
GRP-MF5L9MO1,Taylor,D102,03/09/2026,£35.00,Redeemed
GRP-GIPPSFNK,Clarke,D101,28/08/2026,£79.00,Redeemed
GRP-HNRIUU9K,Khan,D104,15/09/2026,£60.00,Redeemed
GRP-R7TCS4CC,Brown,D101,15/08/2026,£79.00,Redeemed
 grp-2zqu7eeq ,Singh,D101,01/09/2026,£79.00,Redeemed
GRP-QLGZUI1B,Wilson,D103,10/09/2026,£45.00,Redeemed
GRP-1C8WQUUY,Smith,D103,10/09/2026,£45.00,Redeemed
GRP-8MYX444N,Smith,D104,24/08/2026,£9.99,Redeemed
,Jones,D102,20/09/2026,£35.00,Redeemed
GRP-9W1Q5UZN,Smith,D102,09/08/2026,£35.00,Redeemed
GRP-SES6M033,Brown,D103,29/08/2026,£45.00,Redeemed
GRP-3Q4N89QK,Wilson,D104,25/08/2026,£60.00,Redeemed
GRP-W2VMCQBN,Desai,D103,06/08/2026,£45.00,Redeemed
GRP-790PDW5P,Shah,D101,18/08/2026,£79.00,Redeemed
GRP-0GUO4KH2,Mehta,D102,21/09/2026,£35.00,Redeemed
GRP-N9XUY41I,Clarke,D102,19/08/2026,£35.00,Redeemed
GRP-EN606N9R,Walker,D103,02/09/2026,£9.99,Redeemed
GRP-9T84AZYT,Shah,D104,07/09/2026,£60.00,Redeemed
GRP-F9Q5RDOQ,Jones,D103,18/09/2026,£45.00,Redeemed
GRP-CVCJWTL9,Hall,D104,25/08/2026,£60.00,Redeemed
GRP-F313FPOY,Smith,D103,04/09/2026,£45.00,Redeemed
GRP-T64Z7W2S,Brown,D103,30/08/2026,£45.00,Redeemed
GRP-PNSM43D8,Singh,D101,17/08/2026,£79.00,Redeemed
GRP-R62GDSWM,Desai,D104,30/08/2026,£60.00,Redeemed
GRP-OH25NSJF,Hall,D102,20/08/2026,£35.00,Redeemed
GRP-9TOQW9JA,Wilson,D103,30/08/2026,£45.00,Redeemed
GRP-NFTU2GC5,Singh,D101,24/08/2026,£79.00,Redeemed
GRP-08P0FODR,Desai,D102,21/08/2026,£35.00,Redeemed
GRP-06XKXB94,Jones,D104,22/09/2026,£60.00,Redeemed
GRP-KHMY4SJ6,Clarke,D101,21/08/2026,£79.00,Redeemed
GRP-2P9E6GBP,Evans,D101,01/09/2026,£79.00,Redeemed
GRP-1MSY4LA5,Khan,D104,03/09/2026,£60.00,Redeemed
 grp-n2twdl9z ,Patel,D102,26/08/2026,£35.00,Redeemed
GRP-AWUDTSEM,Hall,D104,15/09/2026,£60.00,Redeemed
GRP-QSE3TV1E,Brown,D101,23/08/2026,£79.00,Redeemed
GRP-FORXO1BD,Brown,D104,02/09/2026,£60.00,Redeemed
GRP-TWUZKAMU,Walker,D101,31/02/2026,£79.00,Redeemed
GRP-811KERPE,Patel,D104,24/08/2026,£60.00,Redeemed
GRP-GH8RIEC4,Brown,D104,18/08/2026,£60.00,Redeemed
GRP-LGB0S0R2,Singh,D101,14/09/2026,£79.00,Redeemed
GRP-R23GDPPQ,Hall,D102,31/08/2026,£35.00,Redeemed
